Workbook

Sheet para
B1: value
A2: duration | B2: 24
A3: busno | B3: 298
A4: brano | B4: 331
A5: swing | B5: 7
A6: reserve | B6: 0.1
A7: dem_penalty | B7: 300
A8: price_no | B8: c1

Sheet thermal
A1: busno | B1: pmax | C1: pmin | D1: ton | E1: toff | F1: r | G1: rs | H1: fixed | I1: a | J1: b | K1: c
A2: 7 | B2: 4200 | C2: =0.4*B2 -> 1680 | D2: =IF(B2>600,8,IF(B2>200,6,4)) -> 8 | E2: =D2 -> 8 | F2: =0.6*B2 -> 2520 | G2: =C2 -> 1680 | H2: 33480.32 | I2: 0.016873 | J2: 15.842 | K2: 209.252 | L2: 0.01 | M2: =ROUND(L2*RAND(),6) -> 0.002518 | N2: =L2+M2 -> 0.012518 | O2: 15 | P2: =ROUND(10*RAND(),3) -> 2.825 | Q2: =O2+P2 -> 17.825 | R2: 500 | S2: =ROUND(RAND()*R2,3) -> 452.642 | T2: =Q2+S2 -> 470.467
A3: 20 | B3: 50 | C3: =0.4*B3 -> 20 | D3: =IF(B3>600,8,IF(B3>200,6,4)) -> 4 | E3: =D3 -> 4 | F3: =0.6*B3 -> 30 | G3: =C3 -> 20 | H3: 24001.84 | I3: 0.014003 | J3: 21.314 | K3: 300.023 | L3: 0.01 | M3: =ROUND(L3*RAND(),6) -> 0.009542 | N3: =L3+M3 -> 0.019542 | O3: 15 | P3: =ROUND(10*RAND(),3) -> 3.056 | Q3: =O3+P3 -> 18.056 | R3: 500 | S3: =ROUND(RAND()*R3,3) -> 475.296 | T3: =Q3+S3 -> 493.352
A4: 23 | B4: 28 | C4: =0.4*B4 -> 11.2 | D4: =IF(B4>600,8,IF(B4>200,6,4)) -> 4 | E4: =D4 -> 4 | F4: =0.6*B4 -> 16.8 | G4: =C4 -> 11.2 | H4: 38359.76 | I4: 0.017013 | J4: 19.574 | K4: 479.497 | L4: 0.01 | M4: =ROUND(L4*RAND(),6) -> 0.009416 | N4: =L4+M4 -> 0.019416 | O4: 15 | P4: =ROUND(10*RAND(),3) -> 8.464 | Q4: =O4+P4 -> 23.464 | R4: 500 | S4: =ROUND(RAND()*R4,3) -> 128.59 | T4: =Q4+S4 -> 152.054
A5: 28 | B5: 20 | C5: =0.4*B5 -> 8 | D5: =IF(B5>600,8,IF(B5>200,6,4)) -> 4 | E5: =D5 -> 4 | F5: =0.6*B5 -> 12 | G5: =C5 -> 8 | H5: 30934.24 | I5: 0.015315 | J5: 21.162 | K5: 386.678 | L5: 0.01 | M5: =ROUND(L5*RAND(),6) -> 0.001392 | N5: =L5+M5 -> 0.011392 | O5: 15 | P5: =ROUND(10*RAND(),3) -> 0.773 | Q5: =O5+P5 -> 15.773 | R5: 500 | S5: =ROUND(RAND()*R5,3) -> 488.699 | T5: =Q5+S5 -> 504.472
A6: 30 | B6: 70 | C6: =0.4*B6 -> 28 | D6: =IF(B6>600,8,IF(B6>200,6,4)) -> 4 | E6: =D6 -> 4 | F6: =0.6*B6 -> 42 | G6: =C6 -> 28 | H6: 6643.28 | I6: 0.015429 | J6: 22.749 | K6: 83.041 | L6: 0.01 | M6: =ROUND(L6*RAND(),6) -> 0.000278 | N6: =L6+M6 -> 0.010278 | O6: 15 | P6: =ROUND(10*RAND(),3) -> 2.899 | Q6: =O6+P6 -> 17.899 | R6: 500 | S6: =ROUND(RAND()*R6,3) -> 118.167 | T6: =Q6+S6 -> 136.066
A7: 31 | B7: 22 | C7: =0.4*B7 -> 8.8 | D7: =IF(B7>600,8,IF(B7>200,6,4)) -> 4 | E7: =D7 -> 4 | F7: =0.6*B7 -> 13.2 | G7: =C7 -> 8.8 | H7: 21783.84 | I7: 0.01135 | J7: 16.138 | K7: 272.298 | L7: 0.01 | M7: =ROUND(L7*RAND(),6) -> 0.005104 | N7: =L7+M7 -> 0.015104 | O7: 15 | P7: =ROUND(10*RAND(),3) -> 0.915 | Q7: =O7+P7 -> 15.915 | R7: 500 | S7: =ROUND(RAND()*R7,3) -> 209.445 | T7: =Q7+S7 -> 225.36
A8: 33 | B8: 30 | C8: =0.4*B8 -> 12 | D8: =IF(B8>600,8,IF(B8>200,6,4)) -> 4 | E8: =D8 -> 4 | F8: =0.6*B8 -> 18 | G8: =C8 -> 12 | H8: 16090.72 | I8: 0.012851 | J8: 19.065 | K8: 201.134 | L8: 0.01 | M8: =ROUND(L8*RAND(),6) -> 0.008468 | N8: =L8+M8 -> 0.018468 | O8: 15 | P8: =ROUND(10*RAND(),3) -> 3.9 | Q8: =O8+P8 -> 18.9 | R8: 500 | S8: =ROUND(RAND()*R8,3) -> 200.905 | T8: =Q8+S8 -> 219.805
A9: 35 | B9: 390 | C9: =0.4*B9 -> 156 | D9: =IF(B9>600,8,IF(B9>200,6,4)) -> 6 | E9: =D9 -> 6 | F9: =0.6*B9 -> 234 | G9: =C9 -> 156 | H9: 47327.16 | I9: 0.017094 | J9: 17.767 | K9: 394.393 | L9: 0.01 | M9: =ROUND(L9*RAND(),6) -> 0.008342 | N9: =L9+M9 -> 0.018342 | O9: 15 | P9: =ROUND(10*RAND(),3) -> 4.325 | Q9: =O9+P9 -> 19.325 | R9: 500 | S9: =ROUND(RAND()*R9,3) -> 308.337 | T9: =Q9+S9 -> 327.662
A10: 37 | B10: 22 | C10: =0.4*B10 -> 8.8 | D10: =IF(B10>600,8,IF(B10>200,6,4)) -> 4 | E10: =D10 -> 4 | F10: =0.6*B10 -> 13.2 | G10: =C10 -> 8.8 | H10: 29455.04 | I10: 0.017959 | J10: 18.167 | K10: 368.188 | L10: 0.01 | M10: =ROUND(L10*RAND(),6) -> 0.005013 | N10: =L10+M10 -> 0.015013 | O10: 15 | P10: =ROUND(10*RAND(),3) -> 3.57 | Q10: =O10+P10 -> 18.57 | R10: 500 | S10: =ROUND(RAND()*R10,3) -> 228.616 | T10: =Q10+S10 -> 247.186
A11: 43 | B11: 152 | C11: =0.4*B11 -> 60.8 | D11: =IF(B11>600,8,IF(B11>200,6,4)) -> 4 | E11: =D11 -> 4 | F11: =0.6*B11 -> 91.2 | G11: =C11 -> 60.8 | H11: 11319.76 | I11: 0.01024 | J11: 20.577 | K11: 141.497 | L11: 0.01 | M11: =ROUND(L11*RAND(),6) -> 0.002253 | N11: =L11+M11 -> 0.012253 | O11: 15 | P11: =ROUND(10*RAND(),3) -> 8.596 | Q11: =O11+P11 -> 23.596 | R11: 500 | S11: =ROUND(RAND()*R11,3) -> 113.432 | T11: =Q11+S11 -> 137.028
A12: 44 | B12: 280 | C12: =0.4*B12 -> 112 | D12: =IF(B12>600,8,IF(B12>200,6,4)) -> 6 | E12: =D12 -> 6 | F12: =0.6*B12 -> 168 | G12: =C12 -> 112 | H12: 44864.16 | I12: 0.011653 | J12: 16.638 | K12: 373.868 | L12: 0.01 | M12: =ROUND(L12*RAND(),6) -> 0.00664 | N12: =L12+M12 -> 0.01664 | O12: 15 | P12: =ROUND(10*RAND(),3) -> 8.409 | Q12: =O12+P12 -> 23.409 | R12: 500 | S12: =ROUND(RAND()*R12,3) -> 227.505 | T12: =Q12+S12 -> 250.914
A13: 46 | B13: 270 | C13: =0.4*B13 -> 108 | D13: =IF(B13>600,8,IF(B13>200,6,4)) -> 6 | E13: =D13 -> 6 | F13: =0.6*B13 -> 162 | G13: =C13 -> 108 | H13: 45719.16 | I13: 0.010742 | J13: 23.536 | K13: 380.993 | L13: 0.01 | M13: =ROUND(L13*RAND(),6) -> 0.005057 | N13: =L13+M13 -> 0.015057 | O13: 15 | P13: =ROUND(10*RAND(),3) -> 3.469 | Q13: =O13+P13 -> 18.469 | R13: 500 | S13: =ROUND(RAND()*R13,3) -> 499.263 | T13: =Q13+S13 -> 517.732
... A102: 289 | B102: 1320 | C102: =0.4*B102 -> 528 | D102: =IF(B102>600,8,IF(B102>200,6,4)) -> 8 | E102: =D102 -> 8 | F102: =0.6*B102 -> 792 | G102: =C102 -> 528 | H102: 29067.04 | I102: 0.011026 | J102: 21.901 | K102: 181.669 | L102: 0.01 | M102: =ROUND(L102*RAND(),6) -> 0.000148 | N102: =L102+M102 -> 0.010148 | O102: 15 | P102: =ROUND(10*RAND(),3) -> 7.489 | Q102: =O102+P102 -> 22.489 | R102: 500 | S102: =ROUND(RAND()*R102,3) -> 424.252 | T102: =Q102+S102 -> 446.741

Sheet bus
A1: 1 | B1: 1
A2: 2 | B2: 2
A3: 3 | B3: 3
A4: 4 | B4: 4
A5: 5 | B5: 5
A6: 6 | B6: 6
A7: 7 | B7: 7
A8: 8 | B8: 8
A9: 9 | B9: 9
A10: 10 | B10: 10
A11: 11 | B11: 11
A12: 12 | B12: 12
... A298: 298 | B298: 298

Sheet bra
A1: b1 | B1: b2 | C1: r | D1: x | E1: g | F1: s
A2: 3 | B2: 7 | C2: 0.000149 | D2: 0.003158 | E2: 2.09988 | F2: =J2 -> 1404 | G2: =VLOOKUP(A2,load!A:C,3,0) -> 0 | H2: =VLOOKUP(B2,load!A:C,3,0) -> 0 | I2: =(G2+H2)+1300 -> 1300 | J2: =ROUND(I2/100,0)*108 -> 1404
A3: 8 | B3: 7 | C3: 0 | D3: 0.029 | E3: 0 | F3: =J3 -> 1404 | G3: =VLOOKUP(A3,load!A:C,3,0) -> 0 | H3: =VLOOKUP(B3,load!A:C,3,0) -> 0 | I3: =(G3+H3)+1300 -> 1300 | J3: =ROUND(I3/100,0)*108 -> 1404
A4: 1 | B4: 3 | C4: 0 | D4: 0.044 | E4: 0 | F4: =J4 -> 1404 | G4: =VLOOKUP(A4,load!A:C,3,0) -> 0 | H4: =VLOOKUP(B4,load!A:C,3,0) -> 0 | I4: =(G4+H4)+1300 -> 1300 | J4: =ROUND(I4/100,0)*108 -> 1404
A5: 10 | B5: 8 | C5: 0.000383 | D5: 0.007644 | E5: 5.07522 | F5: =J5 -> 1404 | G5: =VLOOKUP(A5,load!A:C,3,0) -> 0 | H5: =VLOOKUP(B5,load!A:C,3,0) -> 0 | I5: =(G5+H5)+1300 -> 1300 | J5: =ROUND(I5/100,0)*108 -> 1404
A6: 9 | B6: 10 | C6: 0 | D6: 0.015 | E6: 0 | F6: =J6 -> 1404 | G6: =VLOOKUP(A6,load!A:C,3,0) -> 0 | H6: =VLOOKUP(B6,load!A:C,3,0) -> 0 | I6: =(G6+H6)+1300 -> 1300 | J6: =ROUND(I6/100,0)*108 -> 1404
A7: 12 | B7: 10 | C7: 0 | D7: 0.035 | E7: 0 | F7: =J7 -> 1404 | G7: =VLOOKUP(A7,load!A:C,3,0) -> 0 | H7: =VLOOKUP(B7,load!A:C,3,0) -> 0 | I7: =(G7+H7)+1300 -> 1300 | J7: =ROUND(I7/100,0)*108 -> 1404
A8: 293 | B8: 10 | C8: 0.000298 | D8: 0.006306 | E8: 4.19326 | F8: =J8 -> 2700 | G8: =VLOOKUP(A8,load!A:C,3,0) -> 1186.2 | H8: =VLOOKUP(B8,load!A:C,3,0) -> 0 | I8: =(G8+H8)+1300 -> 2486.2 | J8: =ROUND(I8/100,0)*108 -> 2700
A9: 1 | B9: 4 | C9: 0 | D9: 0.04 | E9: 0 | F9: =J9 -> 1404 | G9: =VLOOKUP(A9,load!A:C,3,0) -> 0 | H9: =VLOOKUP(B9,load!A:C,3,0) -> 0 | I9: =(G9+H9)+1300 -> 1300 | J9: =ROUND(I9/100,0)*108 -> 1404
A10: 9 | B10: 4 | C10: 0.000433 | D10: 0.006546 | E10: 4.13464 | F10: =J10 -> 1404 | G10: =VLOOKUP(A10,load!A:C,3,0) -> 0 | H10: =VLOOKUP(B10,load!A:C,3,0) -> 0 | I10: =(G10+H10)+1300 -> 1300 | J10: =ROUND(I10/100,0)*108 -> 1404
A11: 5 | B11: 1 | C11: 0.00015 | D11: 0.003005 | E11: 2.014756 | F11: =J11 -> 1404 | G11: =VLOOKUP(A11,load!A:C,3,0) -> 0 | H11: =VLOOKUP(B11,load!A:C,3,0) -> 0 | I11: =(G11+H11)+1300 -> 1300 | J11: =ROUND(I11/100,0)*108 -> 1404
A12: 251 | B12: 1 | C12: 0.000216 | D12: 0.005996 | E12: 3.99858 | F12: =J12 -> 1404 | G12: =VLOOKUP(A12,load!A:C,3,0) -> 0 | H12: =VLOOKUP(B12,load!A:C,3,0) -> 0 | I12: =(G12+H12)+1300 -> 1300 | J12: =ROUND(I12/100,0)*108 -> 1404
A13: 119 | B13: 5 | C13: 0 | D13: 0.04 | E13: 0 | F13: =J13 -> 1404 | G13: =VLOOKUP(A13,load!A:C,3,0) -> 0 | H13: =VLOOKUP(B13,load!A:C,3,0) -> 0 | I13: =(G13+H13)+1300 -> 1300 | J13: =ROUND(I13/100,0)*108 -> 1404
... A332: 291 | B332: 285 | C332: 0.0009 | D332: 0.045 | E332: 0 | F332: =J332 -> 1404 | G332: =VLOOKUP(A332,load!A:C,3,0) -> 16.2 | H332: =VLOOKUP(B332,load!A:C,3,0) -> 0 | I332: =(G332+H332)+1300 -> 1316.2 | J332: =ROUND(I332/100,0)*108 -> 1404

Sheet load
A1: busno | B1: curveno | C1: rt
A2: 1 | B2: c1 | C2: 0 | D2: =ROUND(C2*0.8,1) -> 0
A3: 2 | B3: c1 | C3: 0 | D3: =ROUND(C3*0.8,1) -> 0
A4: 3 | B4: c1 | C4: 0 | D4: =ROUND(C4*0.8,1) -> 0
A5: 4 | B5: c1 | C5: 0 | D5: =ROUND(C5*0.8,1) -> 0
A6: 5 | B6: c1 | C6: 0 | D6: =ROUND(C6*0.8,1) -> 0
A7: 6 | B7: c1 | C7: 0 | D7: =ROUND(C7*0.8,1) -> 0
A8: 7 | B8: c1 | C8: 0 | D8: =ROUND(C8*0.8,1) -> 0
A9: 8 | B9: c1 | C9: 0 | D9: =ROUND(C9*0.8,1) -> 0
A10: 9 | B10: c1 | C10: 0 | D10: =ROUND(C10*0.8,1) -> 0
A11: 10 | B11: c1 | C11: 0 | D11: =ROUND(C11*0.8,1) -> 0
A12: 11 | B12: c1 | C12: 0 | D12: =ROUND(C12*0.8,1) -> 0
A13: 12 | B13: c1 | C13: 0 | D13: =ROUND(C13*0.8,1) -> 0
... A299: 298 | B299: c1 | C299: 399 | D299: =ROUND(C299*0.8,1) -> 319.2

Sheet loadc
A1: c1
A2: 0.58898037 | B2: 0 | C2: 0 | D2: 1 | E2: 742 | F2: =E2/MAX($E$2:$E$25) -> 0.48687664 | G2: 0.66498424 | H2: 0.52565347 | I2: 3614.9725 | J2: =E2+RANDBETWEEN(-E2/10,E2/10) -> 688
A3: 0.59151362 | B3: 1 | C3: 0 | D3: 1 | E3: 694 | F3: =E3/MAX($E$2:$E$25) -> 0.45538058 | G3: 0.63561558 | H3: 0.49767279 | I3: 3422.5465 | J3: =E3+RANDBETWEEN(-E3/10,E3/10) -> 717
A4: 0.73464218 | B4: 2 | C4: 0 | D4: 1 | E4: 755 | F4: =E4/MAX($E$2:$E$25) -> 0.49540682 | G4: 0.59979654 | H4: 0.48210999 | I4: 3315.5196 | J4: =E4+RANDBETWEEN(-E4/10,E4/10) -> 768
A5: 0.65737809 | B5: 3 | C5: 0 | D5: 1 | E5: 896 | F5: =E5/MAX($E$2:$E$25) -> 0.58792651 | G5: 0.60711051 | H5: 0.4742834 | I5: 3261.6953 | J5: =E5+RANDBETWEEN(-E5/10,E5/10) -> 835
A6: 0.8030399 | B6: 4 | C6: 0 | D6: 1 | E6: 1072 | F6: =E6/MAX($E$2:$E$25) -> 0.70341207 | G6: 0.59641118 | H6: 0.47958383 | I6: 3298.1469 | J6: =E6+RANDBETWEEN(-E6/10,E6/10) -> 1036
A7: 0.84863838 | B7: 5 | C7: 0 | D7: 1 | E7: 911 | F7: =E7/MAX($E$2:$E$25) -> 0.59776903 | G7: 0.62400487 | H7: 0.49723001 | I7: 3419.5015 | J7: =E7+RANDBETWEEN(-E7/10,E7/10) -> 931
A8: 0.83343889 | B8: 6 | C8: 0 | D8: 1 | E8: 1370 | F8: =E8/MAX($E$2:$E$25) -> 0.89895013 | G8: 0.65396901 | H8: 0.51863639 | I8: 3575.4175 | J8: =E8+RANDBETWEEN(-E8/10,E8/10) -> 1364
A9: 0.85560481 | B9: 7 | C9: 0 | D9: 1 | E9: 1421 | F9: =E9/MAX($E$2:$E$25) -> 0.9324147 | G9: 0.63017015 | H9: 0.541395 | I9: 3775.4175 | J9: =E9+RANDBETWEEN(-E9/10,E9/10) -> 1378
A10: 0.85623813 | B10: 8 | C10: 0 | D10: 1 | E10: 1309 | F10: =E10/MAX($E$2:$E$25) -> 0.85892388 | G10: 0.53598256 | H10: 0.57028203 | I10: 3912.5039 | J10: =E10+RANDBETWEEN(-E10/10,E10/10) -> 1189
A11: 0.94680177 | B11: 9 | C11: 0 | D11: 1 | E11: 1187 | F11: =E11/MAX($E$2:$E$25) -> 0.77887139 | G11: 0.47394155 | H11: 0.59443619 | I11: 4085.9813 | J11: =E11+RANDBETWEEN(-E11/10,E11/10) -> 1144
A12: 0.82013933 | B12: 10 | C12: 0 | D12: 1 | E12: 1429 | F12: =E12/MAX($E$2:$E$25) -> 0.93766404 | G12: 0.45281839 | H12: 0.60890378 | I12: 4233.7891 | J12: =E12+RANDBETWEEN(-E12/10,E12/10) -> 1310
A13: 0.78340722 | B13: 11 | C13: 0 | D13: 1 | E13: 1524 | F13: =E13/MAX($E$2:$E$25) -> 1 | G13: 0.44003827 | H13: 0.61509828 | I13: 4383.7891 | J13: =E13+RANDBETWEEN(-E13/10,E13/10) -> 1557
... A25: 0.58581381 | B25: 23 | C25: 0 | D25: 1 | E25: 779 | F25: =E25/MAX($E$2:$E$25) -> 0.51115486 | G25: 0.7426956 | H25: 0.569907 | I25: 3919.3086 | J25: =E25+RANDBETWEEN(-E25/10,E25/10) -> 814
A26: 0.73933397 | B26: 24 | C26: 1 | D26: 2 | E26: 808 | F26: =E26/MAX($E$2:$E$25) -> 0.53018373 | J26: =E26+RANDBETWEEN(-E26/10,E26/10) -> 735
A27: 0.70385211 | B27: 25 | C27: 1 | D27: 2 | E27: 782 | F27: =E27/MAX($E$2:$E$25) -> 0.51312336 | J27: =E27+RANDBETWEEN(-E27/10,E27/10) -> 787
A28: 0.5921752 | B28: 26 | C28: 1 | D28: 2 | E28: 947 | F28: =E28/MAX($E$2:$E$25) -> 0.62139108 | J28: =E28+RANDBETWEEN(-E28/10,E28/10) -> 986
A29: 0.46243613 | B29: 27 | C29: 1 | D29: 2 | E29: 989 | F29: =E29/MAX($E$2:$E$25) -> 0.64895013 | J29: =E29+RANDBETWEEN(-E29/10,E29/10) -> 932
A30: 0.35665919 | B30: 28 | C30: 1 | D30: 2 | E30: 791 | F30: =E30/MAX($E$2:$E$25) -> 0.51902887 | J30: =E30+RANDBETWEEN(-E30/10,E30/10) -> 751
A31: 0.35821797 | B31: 29 | C31: 1 | D31: 2 | E31: 989 | F31: =E31/MAX($E$2:$E$25) -> 0.64895013 | J31: =E31+RANDBETWEEN(-E31/10,E31/10) -> 1051
A32: 0.33674588 | B32: 30 | C32: 1 | D32: 2 | E32: 1234 | F32: =E32/MAX($E$2:$E$25) -> 0.80971129 | J32: =E32+RANDBETWEEN(-E32/10,E32/10) -> 1296
A33: 0.33120905 | B33: 31 | C33: 1 | D33: 2 | E33: 1232 | F33: =E33/MAX($E$2:$E$25) -> 0.80839895 | J33: =E33+RANDBETWEEN(-E33/10,E33/10) -> 1310
A34: 0.33792552 | B34: 32 | C34: 1 | D34: 2 | E34: 1287 | F34: =E34/MAX($E$2:$E$25) -> 0.84448819 | J34: =E34+RANDBETWEEN(-E34/10,E34/10) -> 1160
A35: 0.3503301 | B35: 33 | C35: 1 | D35: 2 | E35: 1599 | F35: =E35/MAX($E$2:$E$25) -> 1.0492126 | J35: =E35+RANDBETWEEN(-E35/10,E35/10) -> 1574
A36: 0.41695701 | B36: 34 | C36: 1 | D36: 2 | E36: 1448 | F36: =E36/MAX($E$2:$E$25) -> 0.95013123 | J36: =E36+RANDBETWEEN(-E36/10,E36/10) -> 1360
A37: 0.44307998 | B37: 35 | C37: 1 | D37: 2 | E37: 1490 | F37: =E37/MAX($E$2:$E$25) -> 0.97769029 | J37: =E37+RANDBETWEEN(-E37/10,E37/10) -> 1462
... A8737: 0.54844839 | B8737: 8735 | C8737: 363 | D8737: 364 | E8737: 890 | F8737: =E8737/MAX($E$2:$E$25) -> 0.5839895 | J8737: =E8737+RANDBETWEEN(-E8737/10,E8737/10) -> 816
A8738: 0 | E8738: 0 | F8738: =E8738/MAX($E$2:$E$25) -> 0 | J8738: =E8738+RANDBETWEEN(-E8738/10,E8738/10) -> 0

Sheet price
B1: base | C1: error | D1: temp | E1: c1
A2: 1 | B2: 10 | C2: =RAND() -> 0.53038924 | D2: =B2+C2*B2*5 -> 36.519462 | E2: 48.383049
A3: 2 | B3: 10 | C3: =RAND() -> 0.89796363 | D3: =B3+C3*B3*5 -> 54.898181 | E3: 21.198217
A4: 3 | B4: 10 | C4: =RAND() -> 0.50606107 | D4: =B4+C4*B4*5 -> 35.303053 | E4: 56.383566
A5: 4 | B5: 10 | C5: =RAND() -> 0.64998985 | D5: =B5+C5*B5*5 -> 42.499493 | E5: 45.573748
A6: 5 | B6: 10 | C6: =RAND() -> 0.56129697 | D6: =B6+C6*B6*5 -> 38.064848 | E6: 29.989831
A7: 6 | B7: 10 | C7: =RAND() -> 0.82233934 | D7: =B7+C7*B7*5 -> 51.116967 | E7: 16.245827
A8: 7 | B8: 10 | C8: =RAND() -> 0.77534469 | D8: =B8+C8*B8*5 -> 48.767235 | E8: 48.632669
A9: 8 | B9: 10 | C9: =RAND() -> 0.59195525 | D9: =B9+C9*B9*5 -> 39.597763 | E9: 21.450266
A10: 9 | B10: 10 | C10: =RAND() -> 0.96796898 | D10: =B10+C10*B10*5 -> 58.398449 | E10: 31.26889
A11: 10 | B11: 10 | C11: =RAND() -> 0.37273435 | D11: =B11+C11*B11*5 -> 28.636718 | E11: 41.616438
A12: 11 | B12: 10 | C12: =RAND() -> 0.051390938 | D12: =B12+C12*B12*5 -> 12.569547 | E12: 34.594066
A13: 12 | B13: 10 | C13: =RAND() -> 0.18541103 | D13: =B13+C13*B13*5 -> 19.270552 | E13: 41.422068
... A8737: 8736 | B8737: 10 | C8737: =RAND() -> 0.68775035 | D8737: =B8737+C8737*B8737*5 -> 44.387517 | E8737: 53.277126
